{"@module": "pymatgen.core.structure", "@class": "Structure", "charge": 0, "lattice": {"matrix": [[4.61272826, -4.181e-05, 2.695e-05], [-2.30639912, 3.99463157, -8.6e-05], [4.239e-05, -0.00012907, 7.25702927]], "pbc": [true, true, true], "a": 4.612728260268212, "b": 4.612651979953988, "c": 7.257029271271594, "alpha": 90.00211808894659, "beta": 89.99933056048604, "gamma": 120.00156825109335, "volume": 133.71840953727838}, "properties": {}, "sites": [{"species": [{"element": "Pb", "occu": 1}], "abc": [0.999999, 0.999999, 0.0], "xyz": [2.30632683367086, 3.9945857654102404, -5.9049940949999995e-05], "properties": {"magmom": -0.0}, "label": "Pb"}, {"species": [{"element": "I", "occu": 1}], "abc": [0.66667635, 0.33331771, 0.74094648], "xyz": [2.3064645756155233, 1.3313579395057376, 5.377059594468042], "properties": {"magmom": 0.0}, "label": "I"}, {"species": [{"element": "I", "occu": 1}], "abc": [0.33332465, 0.66668329, 0.25905352], "xyz": [-9.073928638314185e-05, 2.6631067450840225, 1.8799106254729079], "properties": {"magmom": 0.0}, "label": "I"}]}