{"@module": "pymatgen.core.structure", "@class": "Structure", "charge": 0, "lattice": {"matrix": [[2.30634506005555, -3.9947068238017063, 0.0], [2.30634506005555, 3.9947068238017063, 0.0], [0.0, 0.0, 7.257029271271594]], "pbc": [true, true, true], "a": 4.6126901201111, "b": 4.6126901201111, "c": 7.257029271271594, "alpha": 90.0, "beta": 90.0, "gamma": 119.99999999999999, "volume": 133.7205228423887}, "properties": {}, "sites": [{"species": [{"element": "Pb", "occu": 1}], "abc": [0.0, 0.0, 0.0], "xyz": [0.0, 0.0, 0.0], "properties": {}, "label": "Pb"}, {"species": [{"element": "I", "occu": 1}], "abc": [0.6666666666666666, 0.3333333333333333, 0.74094648], "xyz": [2.30634506005555, -1.3315689412672354, 5.3770702938056525], "properties": {}, "label": "I"}, {"species": [{"element": "I", "occu": 1}], "abc": [0.33333333333333337, 0.6666666666666667, 0.25905352000000004], "xyz": [2.30634506005555, 1.3315689412672356, 1.8799589774659415], "properties": {}, "label": "I"}]}